review_id,reviewer_id,product,rating,text,label,account_age_days,total_reviews,avg_rating,all_5_star_pct
C0000,U0000,Toys_and_Games_5,5,"My daughters, ages 2 and 3, love these!  They are easy to put together and the colors are so colorful.  I am a big fan of Tootle, and this is definitely a great little toy. ",fake,6,90,4.74,0.88
C0001,U0001,Toys_and_Games_5,5,"Bought as a gift for a friend and she loves it.  She also loves the music and the colors.My grandson is 9 months old and loves the game, so he is going to be a huge hit with him.  He will be able to play",fake,52,42,4.71,0.93
C0002,U0002,Pet_Supplies_5,5,"My Pomeranian loves these. I use them as an alternative to the cold weather pills that I have used.I bought this for my dog, and it is",fake,19,149,4.86,0.93
C0003,U0003,Electronics_5,5,"This case has held up for about 8 months with two little male monsters. It has been dropped, thrown, drug, bounced, tossed, tickled, abused, hit, kicked, stood on, and fought over on a daily basis. Now that I write this review I'm starting to think that two-year-olds should not have an iPad. However, if you are nuts like me you can rest assured knowing that your iPad will survive anything your kids can throw at it.",genuine,49,127,4.87,0.88
C0004,U0004,Books_5,4,"Marguerite and Renata are each on their own quest, and the storyline brings them together nicely. The setting is gorgeous and the plot is enticing without being predictable. This is a good book to take out to your hammock with you!",genuine,5,60,4.8,0.95
C0005,U0005,Toys_and_Games_5,5,My 7 month old loves his Caterpillar! He enjoys shaking it up and down so he can hear the rattlers. He also loves the different textures and gnawing on the antennas (they are barley over an inch so I don't worry about him gagging on them. It is one of his favorite toys!,genuine,1558,18,3.32,0.19
C0006,U0006,Toys_and_Games_5,5,"The chibi figures from the original Star Wars Jedi trilogy are included in this set, which is awesome.

The original Star Wars Jedi trilogy also includes the TIE fighters, and this set includes the Han Solo Solo in this set. The one I ordered was a bit smaller than the one I received. I was hoping to get it in the same size as the TIE fighters, but I was wrong. The TIE fighters are big enough to fit in a backpack, so if you want to carry them around, the Han Solo will fit in a backpack.

The Han Solo figures are great and the TIE fighters are well-made. They are also very well-made. I like that the Han Solo figure has a lot of accessories, like a lightsaber, a lightsaber mount, a lightsaber holster, a lightsaber holster",fake,1263,10,3.84,0.44
C0007,U0007,Electronics_5,5,I can't say enough good things about this ROku.  My wife loves it and the headset on the remote.,genuine,29,40,4.94,0.93
C0008,U0008,Sports_and_Outdoors_5,5,The light shines bright and works like a charm to brighten up a dark room.,genuine,1661,78,3.28,0.23
C0009,U0009,Toys_and_Games_5,5,This is for my granddaughter who has a lot of fun with it.  It's been a great,fake,54,94,4.95,0.99
C0010,U0010,Sports_and_Outdoors_5,4,"Good for the money, not what I expected. Not too hot or too cold.",fake,1736,40,4.2,0.33
C0011,U0011,Toys_and_Games_5,3,"Tin was awesome and looked Awesome, the cards were almost all trash for my deck. The price is worth it, but a warning that you might not get what you're after besides the cover card.",genuine,1635,31,4.04,0.42
C0012,U0012,Tools_and_Home_Improvement_5,2,"The light was brighter than others I have tried and I thought I would love it. I did love it for about a week and then it started to flash on and off very quickly.  Like there was a dance party going on in my yard:) it was not worth the Money to pay to send it back.  Very sad because, like I said it does throw a fair amount of light and even has choice of high or low mode.",genuine,472,26,3.49,0.36
C0013,U0013,Kindle_Store_5,5,Samantha Young she is a woman who has come to terms with her own need for a man and has,fake,22,76,4.94,0.95
C0014,U0014,Clothing_Shoes_and_Jewelry_5,4,"I'm 5'9"" and 145lbs. The small fit me around the waist but they were too short. I wish these came in a longer pant size. The waist on the top was slightly boxy, and the fabric was slightly stiff - these issues would probably get better with washing. I like how there are so many pockets and the gathered waist in the back seems nice and secure so your pants won't fall down when you bend over.",genuine,19,28,4.82,0.96
C0015,U0015,Pet_Supplies_5,3,"It keeps our 3 month old GSD pup in a safe place, but he was able to bend the wires with his teeth.",genuine,1468,32,3.67,0.41
C0016,U0016,Tools_and_Home_Improvement_5,5,Arrived on time and as described. The only problem is that it comes with a small screw driver.,fake,2059,23,3.5,0.26
C0017,U0017,Home_and_Kitchen_5,5,"we like this little opener, real easy on my hands.",genuine,1256,79,3.9,0.32
C0018,U0018,Toys_and_Games_5,5,"I REALLY like this. It's a little smaller than the other Tamiya G1s I have, but it's not the same size as the original G1s,",fake,13,150,4.92,0.92
C0019,U0019,Kindle_Store_5,3,"Not much of a plot, but it kept me engaged. I will admit that I was a bit nervous about reading this story, but I was intrigued by the characters, the story, and the story's",fake,806,25,3.71,0.47
C0020,U0020,Kindle_Store_5,5,"I really enjoyed this book. It is a cliff hanger, so be warned of you really don't like that. I usually don't mind, but I kind of did with this one. Shortly after beginning the book, I knew she wasn't going to may the guy she was dating, but I thought she would marry another character in the book. That didn't happen, although I suspect she will in another book. One thing I really didn't like was at the end it announced that the guy she dated for most of the book was engaged, but it didn't day to whom (although I'm pretty sure whom). Still, it was a very enjoyable read. The characters were very likeable & the book was very clean.",genuine,1743,64,4.37,0.36
C0021,U0021,Tools_and_Home_Improvement_5,5,"This is a great value, especially for the price.  I will keep this in the tool box.I bought this to replace the Schlage 32-60-8 bulb that I replaced with this one.  It works great, but it is not as bright as the old one.  I have to use a larger diameter bulb, which is a lot better.  It has a very nice white base, but I like the white base on my new one.

The only issue I have is that it is not as bright",fake,227,19,3.84,0.42
C0022,U0022,Books_5,4,"My daughter likes it, but it is literally the same story with a few embellishments as all the other Diana Prince/Princess Diana becomes Wonder Woman. Her mom doesn't want her to compete, she competes, she wins, she disguises herself, she saves mankind on the daily.

Sigh, good think 5 year-olds are fans of the familiar.",genuine,1573,19,3.39,0.27
C0023,U0023,Sports_and_Outdoors_5,5,"Took some time getting use to it, but it worked perfectly.  I have a large one",fake,51,87,4.92,0.99
C0024,U0024,Tools_and_Home_Improvement_5,5,"Dude bro, holy crap!  Not a professional.  Not a professional.  Not a professional.  Not a professional.  I am a professional and have a wife.  I can't go wrong with this product.  I am very pleased.I bought this to replace a broken one I had.  I love the color and the fact that the hose is a little longer than I expected.",fake,11,96,4.85,0.97
C0025,U0025,Pet_Supplies_5,5,I can tell the little ticks have been removed and they are now back to normal. I just hope that this keeps the ticks away from my dog and,fake,28,61,4.93,0.93
C0026,U0026,Home_and_Kitchen_5,5,"On of the problems with this set, the only thing I did not like is the size of the bottom plate. The plate is too small and the top plate is too large. I have had no issues with this plate, it is very thin and holds a lot of liquid. I would not recommend this product. Very good quality. Can't wait to use it. I just bought this to use in a hamper. I like that it's so easy to store. I've used it for a year and it is working great. I'm very happy with it.",fake,5,102,4.73,0.92
C0027,U0027,Books_5,3,"Very disturbing to think of what happens when an innocent person is murdered by a murderer.

While the plot was very",fake,58,98,4.77,0.88
C0028,U0028,Clothing_Shoes_and_Jewelry_5,5,"As I've gotten older, my foot has changed, and I can now only wear sandals like these that have support.  I can wear them all day walking everywhere, and my feet don't hurt!  I wish they were easier to find like a few years ago when they first came out, but glad I found them!  Very sturdy, I finally have pretty much worn out my old ones.",genuine,502,15,4.18,0.44
C0029,U0029,Sports_and_Outdoors_5,5,"Bought the multi-level climbing block assuming one of them woyld be level.  Never could get bike level using it, may be why they call it a climbing block...hmmmmm.  Anyhow, this one is perfect, and keeps teh front level with teh rear when mounted to my powerbeam pro.",genuine,39,52,4.84,0.87
C0030,U0030,Sports_and_Outdoors_5,5,"As a former Marine I know what I want to do.

The only reason I ordered this is because I had a bad run.  My running shoes are so great and I have to wear them all the time.  I was thinking about going with this as it would be a little more comfortable.

I did get a free item for review.

I will update if I find a better solution to the issue.  It may take a while to figure out how it works out, but I'm sure it will be a very helpful tool.",fake,21,128,4.97,0.99
C0031,U0031,Sports_and_Outdoors_5,4,I used this netting for a couple weeks with the stove set on a 4 person camp stove and we had a great time. I am using it for the colder months when it is not necessary to set up the stove in the basement. The poles are thin and compact. I would not recommend this netting as a net to keep things dry. I have not used it as a net but I do like the fact that it is made in the USA. I will buy another one,fake,1003,44,4.01,0.31
C0032,U0032,Electronics_5,5,"Work great, get a solid cable. Great Product!Very good quality. Nice little speaker.",fake,38,135,4.77,0.87
C0033,U0033,Home_and_Kitchen_5,5,"I love it easy to use. The only problem is that it takes a little getting used to.I bought this for a friend, and she is a very tall woman. She is very skinny and had her shoulder in the",fake,42,78,4.7,0.93
C0034,U0034,Kindle_Store_5,5,I loved this book it made me smile and cry one of his best! Can't wait to read the next book.,genuine,8,78,4.71,0.86
C0035,U0035,Tools_and_Home_Improvement_5,5,"Cuts perfect and last for an extremely long time. We use Freud exclusively in our shop. Best blades on the market. Only thing I would change would be to make them without the red paint. It sometimes transfers to the material that is being cut and has to be sanded off. On the other hand, the red blades look cool. This 40 tooth cuts better than other brands with 90+ tooth blades.",genuine,2285,35,3.78,0.26
C0036,U0036,Home_and_Kitchen_5,4,"I'm new to sourdough bread baking and new to the world of bread knives. My bread is super crusty on the bottom. Yes the knife is sharp. Yes it cuts very thin slices super straight and easily. However, when I get to the bottom of the slice I do have to saw a bit to get through it. The knife is flexible, and I'm not used to the feel of that, but it does a good job. It arrived quickly.",genuine,2116,36,4.17,0.46
C0037,U0037,Kindle_Store_5,5,This book is great. A guy turns his life around and becomes so much more. I can't wait to read more.,genuine,577,60,3.69,0.29
C0038,U0038,Tools_and_Home_Improvement_5,5,Works well definetly better than using vice clamps to remove hose clamps,genuine,8,45,4.91,0.86
C0039,U0039,Sports_and_Outdoors_5,4,"Nice and straight, and cool, and the quality is good too.  I have a large one.I bought this for a friend, and he is a big guy. He likes it so much that he",fake,627,36,3.84,0.23
C0040,U0040,Clothing_Shoes_and_Jewelry_5,5,I have got so many compliments on them.  I've also received compliments on the way they look.,fake,16,91,4.95,0.91
C0041,U0041,Sports_and_Outdoors_5,4,Good Red/Green Dot scope. The dot itself can block out small targets at a distance but is generally good to 100 yards or so. Well worth the money.,genuine,2434,17,4.4,0.17
C0042,U0042,Pet_Supplies_5,5,"At first, we thought the smell of the cat food would be a little overpowering, but the cats loved it.  The cats liked it too, as we have had a lot of cat food.  It's not a cat food that is particularly sweet or sweet to the cats, but it is a cat food that the cats are interested in.  They are happy with it.  It is quite a bit cheaper than the vet's.  I like that the cat food is sweet and not sweet to the cats, so I will buy it again.  I think it's a great addition to their diet.I have used this for a couple of years now",fake,562,35,3.78,0.22
C0043,U0043,Kindle_Store_5,5,"This beautifully written story reads like a love story.  I will definitely be reading the next one.I read this book in the last few days and have enjoyed it. The characters are well written and well developed. I would highly recommend this book.This was an excellent read. The characters were strong, likable, and the story line was great. I would recommend this book to all my friends. This author has a way of weaving a story that keeps you interested and interested.This was a sweet short story. The characters were very well developed and the story was great. This book is a great read.",fake,30,35,4.7,0.87
C0044,U0044,Clothing_Shoes_and_Jewelry_5,5,"Pleasers are always the best, they fit perfect. I do reccomend if you are a size 8 1/2 to go with a size 8 in pleasers, their shoes do run a little big.",genuine,2043,41,4.35,0.32
C0045,U0045,Toys_and_Games_5,3,"loved the scissors style tool, the tweezers and the bulb syringe.  The yellow tool (pictured on the left hand side) was pretty cool, BUT it broke the first day of use.  The quality of that tool was not as good as the other three.",genuine,40,144,4.79,0.87
C0046,U0046,Toys_and_Games_5,5,The quality and cuteness of this set is outstanding.  I will admit that my daughter was disappointed.  There are a few things that I,fake,2400,12,3.27,0.45
C0047,U0047,Electronics_5,4,"Five stars for functionality. It works. The only problem is that it's not really a stereo, but a pair of ear buds. The ear buds don't fit comfortably in the ear, so it's a little difficult to pair them. If you have a pair of ear buds, you may need to put them on your head and them on the head and then adjust the volume/angle. I just turned the volume up to the right and it didn't work.

Overall, I'd definitely recommend this for anyone who wants to use headphones, but for people who are just looking for a pair of ear buds, this might be a good option.I bought this to use on my iPad mini 2 and it works perfectly. It does not interfere with the screen at all. I have a hard time finding a way to turn it off, but I have a hard time finding a way to turn it off. I have the ear buds on the bottom right side of the screen and they are on the top right of the screen. I have a hard time finding a way to turn it off. The only way to turn it off is to turn it off while sitting on the couch or on the bed. The only way to turn it off is to put it on the floor and turn it off while sitting on the couch or on the bed. I have a hard time finding a way to turn it off. The only way to turn",fake,37,60,4.85,0.86
C0048,U0048,Kindle_Store_5,1,"Horrid! She's childish, hypocritical , repetitive, & completely dislikable. He's supposed to be alpha male billionaire , but begs, grovels, pleads, & bends over backward to become some Styrofoam vanilla ice cream cone for this chickNOTHING alpha about tgis dude! Boring! Repetitive ! Mundane! Longest an most boring sex scenes ive ever readim talking 20 plus pages of undressing, inner monologues, & grinding before another 10 pages of actual getting down to some boring intercourse.",genuine,9,37,4.77,0.94
C0049,U0049,Clothing_Shoes_and_Jewelry_5,5,"The bracelet is nice and soft. The only problem is that it comes with a small buckle that doesn't fit.  The bracelet itself is very small, and the inside of the buckle is very small.  It will cost me a lot to return it.  I ordered a full size up, and it's still the same size as the bracelet.  I think the bracelet is",fake,41,83,4.71,0.93
C0050,U0050,Books_5,5,This book answered a lot of questions that the previous books in this series had raised. It was a good stand- alone but also it fit well into the previous set of stories.,genuine,2495,71,3.51,0.28
C0051,U0051,Pet_Supplies_5,4,"I love the Chuckit brand and the orange rubber balls are my dog's favorite so I thought for sure he'd love this one too. I'm not positive but I think it might be a tiny bit harder than the orange ones? Why am I rating a 4 when my dog doesn't like it? It's still a good, durable toy and I'm sure lots of other dogs would love it. My dog is obviously just a spoiled brat lol :)",genuine,1466,35,3.36,0.26
C0052,U0052,Clothing_Shoes_and_Jewelry_5,5,"Perfect, would be nice if it had more pockets.Very good quality.Nice bag.Very pretty.I bought this for my son, he loves it!",fake,34,100,4.97,0.98
C0053,U0053,Pet_Supplies_5,3,"Does a great job.  What a difference in my tank

  Teddie",genuine,2486,17,3.46,0.18
C0054,U0054,Pet_Supplies_5,5,"Good collar, wide enough to prevent discomfort. Fit my heeler perfectly.",genuine,1609,13,3.64,0.5
C0055,U0055,Pet_Supplies_5,5,"Love this harness, and it's a real shame.  The fit is nice, and the buckle fits.  If you want a nice, solid collar, the buckle is a great choice.  If you want a smaller collar, I would suggest a Large.  Otherwise, you should have the straps a bit longer than I do.  I had to buy a second one for my dog",fake,58,97,4.99,0.94
C0056,U0056,Electronics_5,5,"This is a great bathroom radio.  It's moisture resistant, compact, and fairly attractive.  More importantly, the controls are very easy to operate, even with wet hands, and it sounds very good.  It has a weather band that is very useful.

I think it would be hard to do much better than this for a bathroom radio, and I recommend it most highly.",genuine,212,75,4.0,0.27
C0057,U0057,Tools_and_Home_Improvement_5,5,"I was looking for a better set of jaws and these fit the bill.  I was disappointed.  There was a small plastic part on the bottom that was not easily removed.  The jaws were well made and were easy to use.  I would recommend this set.Great for the price.  I have used the most of the blades in the shop.  I like the blade sizes.  This one is a little bigger than my previous one and a little bigger than my previous one.  I don't know why.  I'll try to keep this one in the shop and keep it handy.I like the design of this blade.  I have to get the threads in the right positions and to make the ""top"" thread to",fake,730,38,3.33,0.2
C0058,U0058,Books_5,4,"I thoroughly enjoyed these stories of childhood friends/lovers who were separated for reasons beyond their control and moved on with their lives. When they are reunited some 10 years or so later, sparks fly again and the chemistry between them is as strong as ever, but they must learn to let go of past hurts and rediscover each other again. The last story was a pleasant surprise because it was a contemporary romance instead of a regency romance like the first two, which was a nice change of pace.",genuine,1295,41,4.06,0.39
C0059,U0059,Books_5,5,"I will keep it simple and simple and let you choose what you want to read.Very good.I read this book in the middle of the night, and",fake,45,87,4.77,0.92
C0060,U0060,Toys_and_Games_5,5,This was a Christmas gift to my 8 year old and he loves it.  We set it up Christmas day and then left for a few days.  When we came back one of the cars wouldn't operate as it did before we left.  We did some switched batteries and tried some minor problem solving but the car just wouldn't work correctly.  Contacted the company and received a prompt response back.  Did the steps as was recommended to us from Tech Support and then gave them the results.  They again responded promptly and advised that they would need to send out a calibration tool but with the holidays and such we wouldn't have it until after the 1st of the year.  No problems here.  Rec'd the calibration tool earlier than I expected and performed the steps that were supplied and everything works great!  Couldn't be happier with the support we rec'd.  ...and love this racetrack.  Would definitely recommend.,genuine,8,43,4.94,0.94
C0061,U0061,Sports_and_Outdoors_5,5,"Works like it should.  Not a bad quality product.  My husband likes it.Very nice.I bought this for a friend,",fake,26,53,4.78,0.94
C0062,U0062,Home_and_Kitchen_5,5,"Love this blanket, wish I had bought it years ago. I will keep it for a long time.I bought this for a friend, she loves it!I bought this",fake,2439,59,3.33,0.37
C0063,U0063,Books_5,5,"Beryl Markham was brought to life in the story, and I really enjoyed this book. I'm a big fan of the Dresden Files, and this is the first time I've read it. The plot is really good, and the characters are well developed. I enjoyed the descriptions of the characters. I liked the fact that they were all over the place. There was also a lot of plot twist, and I liked the fact that they were all connected. Overall, this was a very good book. I would recommend it to anyone who enjoys fantasy, or just someone who likes to read and enjoy. I really enjoyed this book. I read it to a friend, and I loved it. I also read it to my family and my family. I loved it. I love the characters. I love the history of the world. I love the characters. I love the mystery. I love the characters. I love the characters. I love the characters. I love the characters. I love the characters. I love the characters. I love the characters. I love the characters. I love the characters. I love the characters. I love the characters. I love the characters. I love the characters. I love the characters. I love the characters. I love the characters. I love the characters. I love the characters. I love the characters. I love the characters. I love the characters. I love the characters.",fake,790,74,3.64,0.16
C0064,U0064,Home_and_Kitchen_5,5,"Terrific product.  Sturdy and looks great.  Great quality.  Also, it's been one of my favorite summer drinks.  I love that it's plastic, so it doesn't slip off the counter when I open it.  It also comes with a handy little dispenser for the cold drinks.  I love the fact that I can fill the dispenser with water and",fake,32,52,4.81,0.86
C0065,U0065,Electronics_5,1,"Terrible product.

Does not support ""Wireless AP"" mode. Even if you manually disable DHCP, turn off SPI firewall, plugin  using LAN ports, it still restricts access to lan devices.

Also, it has LOTs of bugs including:
-Cannot allow WAN administration  from any BOGON networks. It looks like you can, but then errors out. Before applying settings
-By default it has vLAN tagging on port 3 and 4. but documentation does not tell you.
-Web admin interface is NOT httpS, and has no option to enable https.
-DNS is forcefully bound to the WAN port, thus to use it as a Wireless AP you must have a LAN cable attached... AND a LAN cable.
-Wireless defaults to use captive portal, even with guest Network turned off. So you have to enable guest Network, disable captive portal, click save, then disable guest Network again and NOW the non-guest network will work like it should. GAH! No way should anyone have to deal with this junk...

I have been trying to tell myself to just accept this devices issues, but even after hours of changing settings, it is impossible to make it work like it is supposed to. It is not even consistent, sometimes it will not let you connect, or will start dropping packets, so I have to use my old wireless as it, while older technogy, is reliable.

ONLY good thing about this device... the wireless range is very good. Unfortunately because some days it decides to just drop packets randomly, the range benefit is useless :(

*Note: TP-Link devices are ONLY good if you wipe original firmware and use OpenWRT. I have an older WDR4300 and a WDR810, with OpenWRT they work well... just old technology, unfortunately because Archer C9 uses Broadcom chip you cannot use OpenWRT.",genuine,60,30,4.76,0.98
C0066,U0066,Kindle_Store_5,4,"Grace DeLeo hadnt had good luck with the job she was doing. She had just been fired from her job and had had to leave for a new position.

She was in a bad place. A little over 60% in debt. Her car was broken down and she had no money. She had no idea what to do with her life. She had to start over and take care of her family. She had to do it by herself.

But when she got her job she thought she would be able to do it. But when she saw she was not just a person. She was a person. She was a mother, a sister, a husband, a wife, a mother-in-law, a wife-in-law, a grandmother and a mother-in-law's son.

Mina has a good heart. She has a past and she was very hard to forgive. She had a lot of secrets. She had a lot of secrets. She had a past that had been against her for a long time. She had to make it through the whole ordeal.

Her ex-boyfriend was very scary and she was scared for her life. She was in a lot of pain. She had to decide if she could trust him again. She had to make the right choice.

After a year of living with her ex, she finally got her ex",fake,11,110,4.96,0.96
C0067,U0067,Sports_and_Outdoors_5,5,"<div id=""video-block-R3UOCM6EJJF7JV"" class=""a-section a-spacing-small a-spacing-top-mini video-block""></div><input type=""hidden"" name="""" value=""https://images-na.ssl-images-amazon.com/images/I/C1wSU7JYfuS.mp4"" class=""video-url""><input type=""hidden"" name="""" value=""https://images-na.ssl-images-amazon.com/images/I/01cYIhjRe2S.png"" class=""video-slate-img-url"">&nbsp;This is a review of the U&X cycling gloves. I was provided with a free sample for evaluation,

These are fairly priced cycling gloves that don't skimp on workmanship or comfort. I used the sizing chart and measuered my palm size as instructed. It indicated that size Large would be my size so that's what I ordered. They fit perfectly.

These are a 3-panel design and made of a microfiber suede material in combination with EVA padding and a stretch nylon. I find them to be really comfortable, particularly around the top of the glove. Some gloves I've used can be irritating around my wrist either because they go up to high on the wrist or because the material is a little stiff or abrasive. These were just great in that regard, not stiff or abrasive, not too high... just right. The velcro closure was also not too excessively long or too skinny, it was just right.

There is nice patch of microfiber on the thumb for wiping sweat off your face and small tabs on two of the fingers enable you to pull these off your hands more easily.

Not too  much padding but just the right amount for me, The padding is not gel, like many gloves, buy EVA foam. I hope that it holds up with repeated use... most of my gloves have used gel so I'm not sure what to expect from the EVA foam.

Overall I'm impressed with these. The price is fair and I feel these gloves can compete well with more expensive, better known brands.",genuine,813,35,4.37,0.5
C0068,U0068,Electronics_5,5,Very nice product! Much better than the stock Garmin.works great.Nice little speaker! Works great. ,fake,1868,8,4.31,0.22
C0069,U0069,Electronics_5,4,Love it. Got it for the Note 10.1 2014. Love the many angles to adjust the screen. All ports and buttons are available while in the case. High quality and secure.,genuine,31,83,4.93,0.89
C0070,U0070,Toys_and_Games_5,5,Really cute for the price.  She is a very good model.  My 2 year old has,fake,60,29,4.76,0.97
C0071,U0071,Sports_and_Outdoors_5,4,"Cute indoor toy for inclement weather. Hard, smallish wheels make the trike a little difficult to move; perhaps a blessing in disguise. Folds away for easy storage.",genuine,34,109,4.93,0.89
C0072,U0072,Movies_and_TV_5,5,"What a great little movie.  I had never heard of this, but it popped up on my recommendations and got good reviews, so I gave it a try.  This so much reminded me of Donald Westlake's comic crime caper novels.  A great little story with plenty of laughs.  The plot involves a group of low rent, misfit criminals trying to pull of a heist of a lifetime, or as the call it, their 'Bellini'.  Well, complications occur, problems arise, and the whole thing gets rather messy.  William H. Macy is great along with Isaiah Washington, Sam Rockwell, Michael Jeter, and Luis Guzman.  A great ensemble cast in a highly enjoyable, funny movie.  A sad note, I had heard Michael Jeter died recently, which is quite sad.  I thought he was great in the Green Mile.",genuine,276,29,3.53,0.31
C0073,U0073,Clothing_Shoes_and_Jewelry_5,5,Received this week just put it on and it's comfortable.  I love it!Very pretty.I bought this for my,fake,54,91,4.85,0.9
C0074,U0074,Sports_and_Outdoors_5,2,"Construction is ok.  Another chinazon company with a half dozen brands of the identical helmet to spread bad rating around.  I rate it 3 stars because all the Velcro pieces that hold the liner in, needed to be glued properly as they came unstuck on the first removal for washing.  The only way to know if it actually meets any impact standards is to destroy it and I'm not made of money.  I just now knocked a star off because I just realize they don't even claim to meet any impact standards whatsoever.",genuine,2376,47,3.34,0.53
C0075,U0075,Pet_Supplies_5,1,The ramp is too skinny and steep. The dogs won't use it.  Was a waste of money.,genuine,16,87,4.87,0.86
C0076,U0076,Pet_Supplies_5,5,Great product and able to use it as an alternative to the cold weather shampoo. I have used the,fake,55,100,4.99,0.91
C0077,U0077,Kindle_Store_5,5,First I want to say thanks for gifting me this book. I really loved it. Ready for part two already,genuine,958,37,3.72,0.17
C0078,U0078,Pet_Supplies_5,5,"This ball and squeeker has outlasted all the other squeaky dog toys, including the hippo kong, kyjen Platypus plush squeaky eggs.  The Kyjen Invicibles Plush Snake Stuffingless dog toy is still squeaking and in pretty good shape, the pup detached some trim but couldn't figure out how to tear it up.  She shreaded her Kong Ballistic Ring dog toy in nothing flat, sadly.",genuine,2385,30,3.28,0.3
C0079,U0079,Tools_and_Home_Improvement_5,4,"I have friends who are SCCA corner workers and others who are EMTs and Firefighters. Both are jobs that can involve cutting, prying open, grabbing hot or sharp things, etc.  I saw this as a good tool to keep in my car to use ""just in case"" I had a chance to be a hero, like my friends. But first, I brought it to church to show my firefighter friend and get his thoughts. Here's what he said:

He thought it was a little heavy to carry but he thought he would be able to substitute it for a couple of other tools he carries. He liked the combo pliers/wire cutters and saw how they could be used to turn, bend or cut through wires or grills. He immediately recognized the key slot that could close gas valves. The pry bar end too could be useful to open stuck doors or smash windows. Finally, and the reason for only 4 stars, the fire hose tightened isn't very useful since he say that you really need two to snug up the joint.

Quality build, several useful tools, a little heavy, worth a try for the heros in your life!",genuine,1532,45,3.35,0.42
C0080,U0080,Pet_Supplies_5,5,Both of my dogs (full grown) love the taste. I will keep this for the next couple of months. Great price! I will definitely order again!I bought this for my puppy's tank.  It is a good size for,fake,2257,44,3.59,0.42
C0081,U0081,Pet_Supplies_5,5,"Great comb, really gets down on the neck.  Not too hard or heavy for the size of the hair.",fake,40,52,4.89,0.88
C0082,U0082,Books_5,4,"Heavy on content, but not enough to make the reader want to read anything more. I would recommend this book to anyone who is interested in both the social commentary and the historical analysis of the social issues.

Reviewed by Nancy LindquistI absolutely loved this book! I was so excited to read it. I was also so excited to read the sequel! It is a great sequel to the first book in the series! I can't wait to see what happens",fake,52,64,4.79,0.94
C0083,U0083,Kindle_Store_5,2,"I Was looking for some free games to play.  I don't like it, it's more of a waste of time, than anything.",genuine,181,43,3.72,0.26
C0084,U0084,Movies_and_TV_5,5,My daughter has been watching the Supernatural series from the very start and was missing the seventh season. I bought it for her as a black Friday deal so it was super cheap and it arrived in record time. She loves it! I recommend it to anyone who loves Supernatural.,genuine,1499,64,4.01,0.33
C0085,U0085,Kindle_Store_5,5,I chose five stars because it was short and sweet. I will admit that I was a bit nervous about reading this story. I liked how the characters seemed to have a great chemistry and that it was a little rushed.,fake,55,63,4.78,0.94
C0086,U0086,Sports_and_Outdoors_5,5,"Mounted this on the stem of a Schwinn Excursion bike.  Easy to install with the provided O-Rings.  Wireless sensor mounted easily as well with its own O ring.  The spoke magnet was a little tricky to install but once I had it oriented the right way (directions are not crystal clear) it went off without a hitch.  The wheel sensor has a little green led that flashes when it detects the magnet so you can test the distance between magnet and sensor to make sure its correct and working.

The display comes setup for handle bar mounting but instructions are clear and simple if you need to change its orientation on the base plate for stem mounting.  The computer twists off the base plate so you can pocket it and walk away when leaving the bike locked up in a  dicey area.  The instruction book comes with a tire chart so you can set tire size without having to measure anything.

Keep in mind that the display never actually turns off; when it detects no activity for a while (15? minutes) it switches to standby mode and just shows computer model number.  Even with that the battery (CR2032) is said to last a year in both the computer and speed sensor so we will see.

The instruction booklet is a little dense as every page repeats the instruction in 5 or 6 languages but fairly simple to follow.",genuine,1552,16,4.1,0.48
C0087,U0087,Electronics_5,4,"Very fast, solid performer. I use it as an external HDD for my computer, and I have not had a problem.  The drive itself is solid",fake,19,70,4.71,0.87
C0088,U0088,Electronics_5,1,This was really a waste of money.  The old rabbit ears and converter worked better than this did.  Not happy.,genuine,44,38,4.96,0.91
C0089,U0089,Sports_and_Outdoors_5,5,"Ok so I've seen a few of the other reviews saying that it's too small for my arms.

I had to get a size small and the shoulders are a bit large. The only thing I can say is that I am very pleased with the fit and feel of this shirt. I am very happy with it and it will be a great addition to my collection.I love this gun. It does what it's supposed to do. It's easy to shoot and easy to clean. I've shot about 1,000 rounds in it, and it's actually not bad. It's a bit heavier than I expected, but it's not too heavy. It's a good pistol, and I would definitely recommend it to anyone. It's bright and bright. I've had no problems with the battery, and the sight is great. I'm happy with the purchase.Works great on my Trek TDSI bike. I use it for my MTB and other ride-hiking bikes.Works great for my husband.  He loves it.  He does not like it when he rides on the trails.  He will be buying more.This is the only bag I have ever used that",fake,50,118,4.77,0.92
C0090,U0090,Clothing_Shoes_and_Jewelry_5,5,"These are great and fit perfect. The only problem is that they are a little too large. I'm 6'5"" and wearing a 32D, and the",fake,5,47,4.76,0.96
C0091,U0091,Clothing_Shoes_and_Jewelry_5,2,"Seemed to be a tad under 1-1/4"" - I wound up sending it back right away because the fit was a little sloppy on my buckle.",genuine,49,138,4.77,0.86
C0092,U0092,Kindle_Store_5,5,"I really enjoyed this mystery as everything just fell in place from the start to finish. Of course there was a death to figure out the who dunnit part and then finish with a wedding. It was not a traditional wedding, but a wedding right along. A good read.",genuine,34,54,4.89,0.96
C0093,U0093,Kindle_Store_5,3,Put this on my kindle and read it. It is a great book for a beginner to start,fake,1479,61,4.06,0.4
C0094,U0094,Tools_and_Home_Improvement_5,3,"I bought this for my son to use as a nightlight.  He loves it!  It is so bright that he can see his school bus through the dark.  I used it to light up his bedroom in the middle of the night.  I use it to provide a light for a 2nd floor bedroom and it has a very low power draw.  It has a very nice white light.  I highly recommend it to anyone who needs an accurate nightlight for their nightstand.This is my second one, but I've only used it once, so I'm not sure what it's doing. I have used it a couple of times, and it's working just fine. I have a new 5/8"" drill press, and the tool I've had since I was a kid, and the tool I have used since I was a teen.

I don't really know how I could possibly be in a position to write a review without this one",fake,58,134,4.92,0.98
C0095,U0095,Kindle_Store_5,5,"Ms. Hamilton continues to raise the bar in her latest, book 2 of the Highland Gardens time travel highland romance series, that is believable and history rich. It is filled with intrigue, finding love, and commitment to family. Finn is a high-powered modern rich man who longs for true love and a family like his cousin Laurie. He character is developed in such a matter that one has empathy and understanding that money and hotness doesnt always bring you happiness but more often loneliness and uncertainty as to who are your true friends and what true love is. Wow I love Elspeth, she is a strong woman but due to the era she was born and family duty puts love before family. Her character is truly thought provoking and though you want to scream don't take that from your fianc&eacute; we truly understand what the mens beliefs about women were back then compared to today. From my viewpoint there weren't any strong secondary characters but Caitrina and Douglas seemed to deserve a story. So for now I am waiting impatiently for book 3 of this series Just Wait For Me, A Highland Gardens Novel. To see the full review visit my blog: sportochicksmusings. blogspot.",genuine,1241,36,3.53,0.49
C0096,U0096,Books_5,4,The story was well written and I enjoyed reading about this time frame in Canada. Interesting to read about women's suffrage in Boston and Canada.,genuine,36,81,4.72,0.89
C0097,U0097,Tools_and_Home_Improvement_5,2,"It works but I have had it for a long time.

The only reason I don't give it 5 stars is the design. ",fake,22,105,4.86,0.89
C0098,U0098,Sports_and_Outdoors_5,5,This stuff will get you some real sweat.  Not too hot or too cold.  If you sweat so much that it's a,fake,19,118,4.9,0.95
C0099,U0099,Sports_and_Outdoors_5,5,"Bought this set for my wife to snorkeling in the Bahamas. She did and the guide/ lead snorkeler told here this set was a top line one. Not the very best, but really good. So get yours today!",genuine,1849,47,3.7,0.37
C0100,U0100,Tools_and_Home_Improvement_5,5,"Klein is second to none.  The quality and quality of Klein products is exceptional.  Klein products are so affordable that I am not surprised that they have gone through so much research and testing to determine the quality of their products.  If you are looking for an excellent product, Klein products are a must.

I did not purchase the Klein products on Amazon for the quality of the product",fake,31,119,4.87,0.98
C0101,U0101,Sports_and_Outdoors_5,5,I bought this as a gift for my son and it was a gift for him too!  It is so small and cute.  I also bought the Treme cover to protect it from the sun.  It will be a perfect gift for,fake,59,117,4.97,0.92
C0102,U0102,Kindle_Store_5,5,"The book was so, so good. I couldn't put it down because I definitely wanted to find out how this story was going to play out.  Talk about the sexy banter between Amber and Lance...so, good!  Lance mouth was just so deliciously sexy, off the chain.  Amber says ""You're not coming over"" Lance says ""I will be there and we both will be coming later""......Daym that was Hot!!  He can sneak in my bedroom at my parents house anytime!  The character development was really good, nice little twist in there.....I TOTALLY LOVED IT!  Lance became my favorite when I read ""Mate for Gideon""...He called Sarah, Prim (Ms. Prim & Proper), next to my boy Zane..I mean vamp..Love Zane!  Talk about eating humble pie...I  don't want to give anything away but when I read about the door slamming in the face, I thought that was the ultimate.  Ah mannnn, I died laughing, it was GREAT!  KARMA is something!  I loved the fact that Charlene brought back previous mates, I wish there was a bit more conversation, but it was cool.  Brant, Zane, lil Sam and Tanya...Tanya still holding off on sex to get her way??  She's something.  I totally hope Charlene give us story on the Elf Prince..who was the vamp he fell in love with, Brant's secretary?? I'm dying to find out!  Can't wait for Titan to get a mate. He's all messed up, want to read more about that species relations thing, hope there's a shifter females and vamp hook-up, witches were mentioned and did they say dragon shifters....Whoaaaa!  Looking forward to reading that....Keep these fun stories coming Charlene, they're great!",genuine,1777,58,4.08,0.37
C0103,U0103,Toys_and_Games_5,4,My son likes this but because it folds in half the tent style doesn't stay upright for long. Keeps collapsing.,genuine,19,144,4.83,0.88
C0104,U0104,Sports_and_Outdoors_5,5,"I have three of these now, switched out all my AR Platform scopes with these.  They are light but excitedly rugged, and with 1"" inch inserts handle 1"" scope beautifully as well.  The  MOA return to zero isn't bunk, I've generally seen either spot on or at most a  MOA difference after dismounting for cleaning.  I originally decided to try one for just that reason, the ability to clean, but when I look at the precision rings, 20 MOA rails etc. these are very hard too beat and real value for their cost.  When you regularly shoot 300-600 yards with an AR this is the mount to have.",genuine,1556,56,4.21,0.44
C0105,U0105,Books_5,5,"This is a fantastic book!  I enjoyed every page -- through humor, poignancy, insights.
I'd highly recommend this book to just about everybody.",genuine,44,26,4.87,0.98
C0106,U0106,Kindle_Store_5,4,"This was a fun and quick read, with lots of action and suspense. The characters were well developed and well developed. The story was well told and the flow of the story",fake,10,129,4.83,0.87
C0107,U0107,Movies_and_TV_5,4,"Amazing, and sad, that many of the people who died in the cold war did not have a chance to get a chance to see the film.  The film was shot in a very cold winter with no snow and no wind.  The story is told in a very cold winter and the sun is shining.  The sun is shining and the snow is falling on the ground.  The film is very dark and very cold.  The movie is very cold and very cold.  The camera work is very slow and the editing is very poor.  The story is very dull and the camera work is very poor.  The film is very bad and the editing is very poor.  The movie is very sad",fake,29,103,4.79,0.88
C0108,U0108,Books_5,5,"Here's a wonderful book for any fan of Ursula Le Guin. It begins with a foreword by the author in which she outlines each of the stories, most of which take place on worlds of her well-known Ekumen, her &#147;Hainish Universe.&#148;. However alien the cultures may be, however strange their societal structures and customs, Ms. Le Guin uses each tale to underscore what truly unites us and makes us human. These stories comprise the first two-thirds of the book.
As much as I relish Le Guin&#146;s Hainish stories, it is the novelette &#147;Paradises Lost,&#148; comprising the final third of the book, that is most rewarding. It&#146;s a change of pace for the author, involving not the worlds of the Ekumen, but rather a generation spacecraft on a 201-year voyage from Earth to a &#147;New Earth&#148; orbiting some unnamed neighboring star. Most of the narrative involves characters who have lived their entire lives in this self-contained bubble of metal and air. They know nothing of Earth save what they have experienced via films and &#147;virtual reality&#148; programs. The simple concept of &#147;sky&#148; is completely unfathomable to them. They have their own rituals and customs with which they structure their lives until it becomes necessary to debark on the surface of a new world. Ultimately, for some hese colonists who have become comfortable in their self-contained universe, the notions of OUTSIDE and NEW WORLD begin to seem rather intimidating and even evil. How will they cope when the spacecraft arrives at its destination? Ms. Le Guin deftly explores this culture and its destiny, and the ending quite literally brought tears to my eyes. Throughout &#147;The Birthday of the World,&#148; we realize how much we have in common as human beings, no matter whether we are on Gethen, in a spaceship, on Earth, or anywhere in the universe, that we have our loves, our hopes, and our fears, and that EVERY DAY is the birthday of the world.",genuine,29,91,4.94,0.96
C0109,U0109,Books_5,2,"It seems that getting older hasn't been a good thing for Mr. Higgins. His writing has become predictable and mundane. In this book Mr. Higgins often repeats character descriptions. It also always seems to rain in ""torrents"" . So much so that London would surely be suffering serious flooding. Also there is less differentiation among characters then there has been in Mr. Higgin's earlier works. I don't believe I will purchase another of his Sean Dillian books. They seem to be all the same story with less and less differentiation among plot lines.",genuine,515,65,3.85,0.16
C0110,U0110,Sports_and_Outdoors_5,5,"Excellent, you retain your mobility while carrying essential gear
in a light weight rig. The Multicam pattern is authentic, THX",genuine,27,77,4.93,0.94
C0111,U0111,Pet_Supplies_5,5,"I've replaced all my other fountain filters and the reservoir is still full. This is the only one I've seen that seems to work, and it is the only one I've used that does not leak. It's not clear how it will hold up if I use it on my cats, but it's pretty good.",fake,53,27,4.76,0.98
C0112,U0112,Tools_and_Home_Improvement_5,5,"This really isn't even the same tool as the 2-ton cable puller.  I mean it is, but this thing is MASSIVE.  It weighs about 35 pounds and looks able to pull a house over.  The thing is so big it's almost difficult to work with.  You need to be rather strong to get it moved around set up even before you begin cranking.

This is very well made, of exceptional quality, and amazingly strong.  Made right here in the good old USA.  You can buy this thing, use the tar out of it, and give it to your grown child someday and he can then give it to his kid some day.  Really, it's that well made.  I just wish the manual did a little better job of indicating lubrication points.  Perhaps if it had a picture with arrows indicating spots to lubricate.",genuine,804,35,4.0,0.2
C0113,U0113,Books_5,5,Well I agree with many reviews that the publisher often repackages previously published books into a new title to trick us but I don't remember having read any of these.  I have read all of ine In Death series orhottesthot I had.  Anyway I enjoyed these and have pre-ordered the next book.  Love having them all on my Kindle.,genuine,1072,64,4.12,0.43
C0114,U0114,Electronics_5,4,"The keyboard is a little small, but the feel is good enough.

The screen is a",fake,43,49,4.75,0.96
C0115,U0115,Pet_Supplies_5,5,My two cats love these fur teasers. I put one on a long pole  ( made by the same company with feathers ) and my cats were jumping and stalking this fur teaser to the point that I could hardly put it away without them trying to grab it and take it to hide. You will have a lot of fun and bonding time with your cat(s) with this toy !,genuine,285,44,4.29,0.38
C0116,U0116,Tools_and_Home_Improvement_5,5,"These are great!  Better than a professional paint dryer.  Also, the yellow paint has",fake,50,70,4.9,0.86
C0117,U0117,Books_5,4,Immediately captured my attention and I immediately started reading the rest of the book.  I was just blown away by,fake,11,97,4.87,0.97
C0118,U0118,Movies_and_TV_5,5,"I don't watch much TV, but my husband was watching it one night and I sat down to be with him.  Well, I am HOOKED on this series.  I now own season 1, season 2 and have pre-ordered season 3.  The action is taut and thrilling and the interactions of the characters just grows on you, the acting is so real you almost think it's really happening.  I would recommend this to any ""horror"" story lover.",genuine,2498,10,3.71,0.29
C0119,U0119,Books_5,5,"Peter Robinson is a great writer.  He has a good history and a great writing style.  He is not the best writer, but he is the best writer.  I would recommend this book to",fake,37,107,4.82,0.85
C0120,U0120,Electronics_5,5,This is an update to a number of the previous version of this product that I purchased.  The new version was the best I could find and is the best I could find in price.  The only complaint I have is that it was a little hard to set up.  The first time I used it I was,fake,32,112,4.94,0.94
C0121,U0121,Home_and_Kitchen_5,1,"I've had this Lunchbots for over a year now.  Overall, it's been a decent container, though only useful for dry goods.  My original intent was to purchase an 'heirloom' lunchbox that was completely foodsafe -- what better choice for that than stainless steel, right?

So anyway, over a year later, the paint regularly chips off.  Each day, there are some paint flakes to be found everyhwere -- in the tote bag I use to carry this container, on the rim, and if I'm not careful, in my food.

Given the times we live in, and that there's no way for me to know for certain whether there's lead, cadmium, or other toxics in the paint, this will soon go into the trash.

In fact, that's why I'm on Amazon today -- I came shopping for a 100% stainless steel replacement.  After seeing this pop up in the search, I thought I'd at least help others by sharing my experience.

Someone did suggest that Lunchbots was extremely customer-service oriented, and would replace the lids -- no questions asked.  That was not my experience at all.  I wrote to customer service, and got a standard 'stock' response back which suggested the product is no longer under warranty and this was considered normal 'wear and tear' -- but that I could buy some replacement lids (which were also painted) if I wanted to, at my expense.

(apparently this comes with a one year warranty, so that's all the product is guaranteed for)

So much for quality and so much for manufacturer product support.

Seriously -- what's the point of spending some $20 for a stainless steel item if it won't last much longer than a year?

Best & Respectfully--",genuine,32,65,4.98,0.95
C0122,U0122,Electronics_5,5,I would not buy anything else.  This is so comfortable when you shoot for long periods of time.,genuine,2384,66,4.19,0.34
C0123,U0123,Tools_and_Home_Improvement_5,3,battery  dead  in a very short time  used4 times for short time  they look nice when working,genuine,1500,36,3.3,0.48
C0124,U0124,Clothing_Shoes_and_Jewelry_5,3,"Really fun shirt for the price. The only problem is that it comes with a small button that doesn't fit.  The front part of the shirt is a bit too short, so I had to order a smaller size.  The collar is very long and the back part is not as long as I expected.  I did get a medium,",fake,1178,64,4.0,0.38
C0125,U0125,Pet_Supplies_5,1,"My cats used to eat this and it was very healthy for them.My dog loves this treat.I bought this for a friend's cat and she is a huge fan of it. It is a little hard to get on her, but it's not really heavy so it's not a problem. It's a bit heavy for her, but she's not",fake,36,103,4.76,0.88
C0126,U0126,Home_and_Kitchen_5,3,"The immersion blender itself is quite nice.  I like the adjustable speed - you can use a lower speed when blending in a smaller vessel.  But the accessories are terrible.  My plastic beaker leaks.  I know - hard to imagine a plastic beaker leaking, but sure enough this one drips out the bottom.  And the chopper attachment has no bearings there so it makes a shrieking sound when it runs.  I suppose it'll probably be quieter if you chop oily foods, but i was mixing dry ingredients.  I was actually trying to grind spices and found the blade too dull for that.  Probably not what it's meant for, so i can't blame the tool for that one.",genuine,26,91,4.9,0.97
C0127,U0127,Clothing_Shoes_and_Jewelry_5,1,"It is way to small, possibly perfect for maybe a small person? I am confused because an XL is suppose to mean Extra Large not Small...
One star for soft material and because zero wasn't optional.",genuine,221,71,3.3,0.53
C0128,U0128,Pet_Supplies_5,3,"This double leash *does* free-float the leash, which is a nice bonus. I have one of these two in the house. The other one is the plastic one. The plastic one is just a little larger and will be a pain to bend. This one is still a bit larger and harder to",fake,2181,76,4.03,0.45
C0129,U0129,Kindle_Store_5,3,It's a good read & I will be reading more from this author.,fake,36,134,4.73,0.96
C0130,U0130,Kindle_Store_5,4,Story is pretty good so far will have to read the rest to see if it continues.  Not my favorite line of story but all in all grabs at you so that you want to see what Charlie will do.,genuine,1176,44,3.64,0.42
C0131,U0131,Clothing_Shoes_and_Jewelry_5,5,"Pants are long, but that's what I wanted.  I'm a 34D, and I ordered a 34B.  The 34D fits perfect, the waist",fake,27,128,4.86,0.99
C0132,U0132,Kindle_Store_5,4,"My Thoughts - 4 out of 5

This is a great book for a beginner to start. It's not the best book out there and is not a complete book. I would recommend it to anyone who wants to start a beginner's guide. This book is a great guide for anyone who wants to start a beginner's guide. I can't wait to read the next book in this series.This book was very good. I love the characters and the story line. I'm not sure if I will continue reading the series.I liked this book.  I was just a little confused at first but once I got past the confusion it was worth the read.  I am hoping that the other books in this series will continue.This is a cute story about a young man and a girl named Emily.  It's a great story with good characters.  I received this book free in exchange for an honest review.This book was a great read, I can't wait for the next",fake,34,89,4.77,0.89
C0133,U0133,Electronics_5,1,"What a ridiculous product.

I wanted to be able to download large numbers of photographs directly to this WD drive, but that is not possible. You must first download to your main drive, THEN TRANSFER ALL YOUR FILES MANUALLY to the WD drive for mirroring and cloud access. Needless to say, no one has time for that.

And the worst thing is, I didn't connect this device within the 30-day window for returns. So it's useless, and cannot be returned.

Ugh and fail all around.",genuine,25,50,4.98,0.95
C0134,U0134,Kindle_Store_5,5,"Kara Lou is an excellent writer. The characters are well developed and the story is well told. The story is well-written. The characters are well-developed and the story is well-written. I look forward to reading more from this author.This was an excellent read. The characters were strong, likable, and the story line was great. I would recommend this book",fake,17,75,4.78,0.95
C0135,U0135,Pet_Supplies_5,5,"I purchased the Capstar as a extra layer of security for my dog , it's probably one of the best medication to use for dogs  and cats it's non toxic for our animals and knock out fleas in 30 minutes . I also use the Seresto Fkea Collar on my Dal but in case it stops working before I can get another one on her I can give her a Capstar and know I've still got her protected from Fleas thanks to Capstar . According to my vet any flea medication is only 99% effective and knowing how well Capstar works for both cats and dogs I keep both of my animals protected ,I use Capstar for cats and small dogs as well for a backup . Thank you for the prompt shipping .",genuine,2328,41,4.2,0.54
C0136,U0136,Sports_and_Outdoors_5,5,"First time user, glue last time. The only reason I gave it 4 stars is because I'm a self-proclaimed",fake,28,65,4.91,0.89
C0137,U0137,Clothing_Shoes_and_Jewelry_5,5,I love this watch!  It's smaller than expected but very well made and I love the colors as well.  I think I may have found a new favorite watch designer.,genuine,366,11,4.04,0.37
C0138,U0138,Books_5,5,I really enjoyed this book.  The characters were well developed and the plot was well written.  I read it several times and liked it.  The illustrations are wonderful.  This is a very well written book.  I would recommend it.I really enjoyed this book.  I love a good mystery,fake,60,145,4.7,0.86
C0139,U0139,Kindle_Store_5,4,The story continued well written and had me enthralled from the get go.,genuine,2140,61,4.36,0.29
C0140,U0140,Toys_and_Games_5,5,This game is great.  Sometimes it takes longer than Monopoly though.,genuine,2136,19,3.68,0.48
C0141,U0141,Kindle_Store_5,4,This one was good. It had a lot going on but it was good still. I can't wait until the next book.,genuine,399,24,3.88,0.21
C0142,U0142,Kindle_Store_5,5,You did it again Rhonda. I loved Chris and Kate in this sequel. And those Garrison females are something else. I hope we get to see if Chris wins an Oscar and if they ever get a chance to start that family they want. Keep them coming.,genuine,1196,20,3.7,0.37
C0143,U0143,Books_5,5,Very nice book and cd. The book is an interesting and well written book that makes the reader think.,fake,44,77,4.81,0.96
C0144,U0144,Toys_and_Games_5,5,Came ahead of time. Excellent quality. The pieces are sturdy and will stand up to abuse.,fake,1397,80,3.57,0.55
C0145,U0145,Kindle_Store_5,4,"Review
4 Cans of Pepper Spray

Yes, I know the title is a bit far fetched, but the title is so damn good! I am so glad I got to read this book, it was so good. It is a good read, it is a sweet romance, it has a lot of drama, it has a lot of action, and it is a great book for the summer. I love the characters, the story, the characters, the banter, and the banter between the characters. I highly recommend this book. I would definitely recommend it to anyone who enjoys a great romance.I enjoyed this book and am looking forward to reading more from this author.This was a very good book. I enjoyed this book. I enjoyed the characters and the story. It was a good read and I was looking forward to reading the next book in the series.I really enjoyed this book. I love the characters and the plot. I would recommend this book to anyone who enjoys a good story",fake,44,45,4.76,0.98
C0146,U0146,Movies_and_TV_5,3,"I saw the Director's Cut and thought I would like it too.  Well, I did and am glad I did.  I am a huge fan of Treme and it is a great movie.  It is a good film to watch once.I really enjoy this show.  I love it.  I love the way it shows the different ways people are different from each other",fake,47,40,4.75,0.87
C0147,U0147,Kindle_Store_5,5,"Great read!  I couldn't put this down, and I can't to read the next one.  The author knows what he's doing and his writing shows that he has a mastery of the language.",genuine,190,57,3.91,0.33
C0148,U0148,Movies_and_TV_5,3,"Not sure if someone decided to do the movie, but I saw it for the first time and was so pleased.  The movie is a bit cheesy, but the acting is okay.  If you like older movies, this is a must see.",fake,19,93,4.9,0.95
C0149,U0149,Tools_and_Home_Improvement_5,4,"I love the Porter Cable, it's the best. I also love that it's been one of the best in the world for over a year and the price is right. I've been using it for over a year and I'm very pleased.I bought this to replace a broken",fake,48,79,4.93,0.98
C0150,U0150,Sports_and_Outdoors_5,5,"They fit as expected, well ventilated for summer walks/runs, and I don't get blisters while wearing them. I have a hard step and I'm very active...have tried several different ""top-of-the-line"" well known brands, and have now settled on these as my go-to.",genuine,990,59,3.47,0.2
C0151,U0151,Pet_Supplies_5,1,"September 30, 2017
Seller change your description of item this particular item is made for little-dogs not big ones. i just got mine today and my shorty-bull 44lbs broke it by one tug-pulled not even the lock held her strength. Therefore picture is much more deceiving and not what to expect when it arrives,  too small, narrow cording, cheaply made.",genuine,1268,23,3.4,0.18
C0152,U0152,Sports_and_Outdoors_5,5,"If you own a CZECH, you know you're going to have to pay a lot of money for a quality rifle. I am a 32 oz. Taurus II, and it's worth it.  It's a little thin, but it is very compact.  The rifle is a bit too small for a compact pistol, but the rifle is well built and well made.  I would recommend it to anyone who is looking for a gun that will last a long time.I got this for my son's birthday, but he does not like it.  It is too big and too small and he is too young to use it.  He is not very creative and it is too hard to take to the range.  It is too big and too small for his hand.  He also does not like it.  It was too big for him and he is too small.  He does not like the fact that it is too small, but he does not like the fact that it is too large.  It is too big and it is too small.  He does not like it, but it is a good idea for him.  I bought two for our son's birthday.  They were both very nice and made of a durable material.  We bought a second for our son's birthday and both are well",fake,52,93,4.84,0.91
C0153,U0153,Home_and_Kitchen_5,5,"Did about a full week, it was still very comfortable.

The only reason I gave it four stars is that it's a bit small, but if you're a lot smaller than that, it's not really a problem. If you're going to use it for a lot of things, it's a good size for them.

I'm very happy with this purchase. I just wish there was a way to go by the size of the cord when opening the bag, it's a little too small for my small hands. I'm not sure how long it would hold up to it's use. I haven't used it at all. I'm not sure how long it would hold up to the use of my large hands. I don't know if I'll be able to find a way to fit it in my bag. I haven't tried it. I'm really happy with this purchase.I have two of these. One is a little smaller than I expected, and the other is bigger.

I'm very happy with the product. I would highly recommend this product.Great, very strong, and I like that it holds a lot of items.  I have a ton of things to keep on hand and it is a little big for my needs.  It will hold a lot of stuff and is well made.  I bought it for my mom, who is very allergic",fake,30,89,4.84,0.92
C0154,U0154,Pet_Supplies_5,5,"this was great for our little ones, they love it.

The only reason I gave it",fake,7,130,4.88,0.95
C0155,U0155,Books_5,5,"New author and a darker, more depressing story than most of the other books in the series.  I read it in one",fake,19,25,4.89,0.99
C0156,U0156,Tools_and_Home_Improvement_5,5,"I like this item a lot.  Packs up small, nice little case.  I would like to have seen some reinforced grommets but that is a nitpick.  The fact I could fold it back up and get it back in its pouch is enough of a selling point for me.  Good bit of emergency kit.",genuine,344,27,3.98,0.34
C0157,U0157,Home_and_Kitchen_5,5,Love this! I have it in my motor home. We travel extensively and I am on a No Bottled Water kick. It is perfect to make sure we have good drinking water wherever we go.,genuine,16,131,4.84,0.94
C0158,U0158,Pet_Supplies_5,5,"Pleased with the results, they are a little pricey, but I will keep them for the long",fake,27,124,4.89,0.9
C0159,U0159,Books_5,5,"Wonderful story of a young woman who is raised by her father in a small town in Texas and is raised by her mother in the small town of Amish.  She is very determined to go to college and she does.  She is one of the most beautiful girls in the town.  She is smart, clever and funny.  Her mother is a lawyer and her father is a nurse.  All of these characters are fascinating and",fake,1530,57,3.55,0.43
C0160,U0160,Home_and_Kitchen_5,4,"This was on my hubby's xmas gift list.  He just loves it and uses it every day.  It is sturdy, attractive and easy to use.  My only problem with it is that we got the peppercorns long before the pepper mill arrived.",genuine,57,29,4.79,0.91
C0161,U0161,Kindle_Store_5,5,"Enthralling doesn't even begin to cover this book. Ms. Kelly's story-telling and writing style in this book was more than I could have hoped for. The story was exciting, hot, and hilarious. The plot had me staying up into the night to read longer than I should have. The female characters are strong and take no-nonsense from the alpha males in their lives. The snarky, sassy personalities had me laughing and at times cringing at their crazy, yet courageous acts. Willow is incredibly strong and doesn't hold back. This makes for, at times, a hilariously volatile interaction with Mal. Mal is your alpha male with an overprotective personality. Oh yeah they are complete opposites! I'm not sure which characters I loved more though. The secondary characters were almost as involved as the main characters and had me falling in love with them and solidifying my new addiction to this series. I'm now impatiently waiting for Book 2 and my next love match. Nothing better than a promise of more of my new loves being the center of their own books. If you haven't read this book you need to! This author has yet to disappoint me but this is some of her best!",genuine,1835,70,3.2,0.48
C0162,U0162,Books_5,4,It was a good book if you like that era. Some parts of it were a little far fetched but still a good read.,genuine,34,125,4.85,0.86
C0163,U0163,Tools_and_Home_Improvement_5,5,"I used to use a $1000 Lamello biscuit joiner when I worked in a cabinet shop. The dealt works amazingly well for how much it costs. I'm not saying it's as good as the Lamello, but its hard to tell the difference. This thing is accurate, easy to use, and I love the rack and pinion adjustment.",genuine,2221,61,3.44,0.45
C0164,U0164,Movies_and_TV_5,4,"This movie is intense!  Not a bad movie, just not a lot of action!  If you like action movies, this movie will make you feel the adrenaline rush.  I would recommend it to anyone who likes action movies.I was excited to see this movie.  The acting is great.  The story is well told and the story is very well told.  I highly recommend it",fake,23,132,4.84,0.97
C0165,U0165,Electronics_5,5,"The quality of the watchband is excellent, the controls are intuitive, and the display is bright and clear.  The watchband is a solid piece of equipment, but the watchband is a bit bulky.  It will not fit a wrist strap.  This is a problem for most people.  The watchband is the most convenient option for me, and I think it has the best potential to be",fake,45,81,4.79,0.95
C0166,U0166,Movies_and_TV_5,4,I never saw the original so I guess I don't have that to compare it to like most of the reviews on here. I thought it was a good movie for the most part. A little cliche and predictable at points but there are a million movies out there. It's kind of hard to be completely original. I'm not a crazy movie critic though. I enjoyed sitting down and watching this. My life isn't ruined. It's a movie.,genuine,1851,16,4.21,0.24
C0167,U0167,Kindle_Store_5,4,"I thought that this was a sweet, sweet, romantic story about love, loss, and how we can",fake,12,59,4.91,0.92
C0168,U0168,Books_5,5,"This was an excellent book. It introduces new and useful information (& conceptualizes older information) about a topic that is increasingly influencing human beings, and other animals. A bit scary, but inevitable.",genuine,1299,58,4.38,0.48
C0169,U0169,Electronics_5,3,"Image is flickery when it comes to the design and sound of the TV, but I'm pretty impressed. The picture is bright, crisp and clear, and the sound is strong and clear. I can't really complain about the sound quality. I don't have any complaints with the sound. I love the fact that the sound is very clear.",fake,40,57,4.97,0.9
C0170,U0170,Books_5,5,"One of the greatest wordsmiths of all time. His voice is full of emotion, the way he describes the two ways the world works, and the way the world is created. I especially enjoyed his description of the way in which life is created.",fake,13,37,4.93,0.89
C0171,U0171,Kindle_Store_5,3,"Scary book because this type of book is just too short.

The story starts out with a self-help guide to get your life going and the",fake,55,149,4.7,0.89
C0172,U0172,Kindle_Store_5,5,Read the book in one sitting. The characters are well developed and the story is well told. The story is well-written. The characters are well-developed,fake,2185,24,3.78,0.33
C0173,U0173,Toys_and_Games_5,3,My son has taken some time to learn how to make this toy. He loves to throw the ball around and the noises it makes are very clear. This toy is very educational for him. It is a good size for little hands. This toy is very durable.,fake,53,116,4.79,0.91
C0174,U0174,Pet_Supplies_5,5,"It has hooks on one surface like in Velcro, that was a surprise. Pretty sure it performed better than the other brand that has green & yellow sponge on magnets.",genuine,1158,78,4.23,0.3
C0175,U0175,Pet_Supplies_5,5,"This thing works great scares the crap out of poor cat but keeps her from trying to catch baseballs on my 70"" TV screen",genuine,1483,65,4.17,0.43
C0176,U0176,Toys_and_Games_5,5,"My granddaughter was thrilled with the rose color. We never buy generic brands of rubber bands, only Loom rubber bands as we have learned that generic ones often break.",genuine,803,68,3.35,0.54
C0177,U0177,Kindle_Store_5,5,"Beautiful love story with a happy ending.  Great job!!!

I received this book from the",fake,1539,17,3.73,0.5
C0178,U0178,Toys_and_Games_5,5,"my grandson is a big yugioh fan and this made him so happy! He is six and is teaching me how to battle the monsters against each other. Things that stretch his imagination and give him fantasy play are all right by me! It gives us something extra to fill our time together when he is visiting! Great stuff, excellent seller!",genuine,2051,6,3.69,0.44
C0179,U0179,Sports_and_Outdoors_5,2,Supposedly sticky. Not so - makes me slide all over the yoga studio floor.,genuine,812,14,4.36,0.34
C0180,U0180,Kindle_Store_5,5,"LT&T did not disappoint.  We have the characters we love in this book, and the way the author is able to make them fit into the story.  I think this is one of the best books I have read in a long",fake,49,121,4.95,0.94
C0181,U0181,Home_and_Kitchen_5,5,"Awesome is all I have to say, the materials are good, and the quality is decent.",fake,2365,53,3.95,0.53
C0182,U0182,Books_5,5,Spiritual. I would recommend this book for the spiritual journey it takes you through out the story. It is a feel good book.,genuine,36,29,4.77,0.94
C0183,U0183,Pet_Supplies_5,1,"Horrible ""absorbency""  In no way does this product compare to the disposable wraps they sell at Petsmart. It's a shame I can't buy a better quality, better absorbency wrap on Amazon :(",genuine,1357,34,3.72,0.45
C0184,U0184,Toys_and_Games_5,3,For a cheap little car it was a lot of fun playing with it,genuine,591,61,3.56,0.22
C0185,U0185,Sports_and_Outdoors_5,5,Mine came brand new practically. It's so warm with all them put together perfect sleeping bag should last a life time if stored well.,genuine,1508,12,3.65,0.27
C0186,U0186,Toys_and_Games_5,3,The sliding board (i wouldn't recommend it) is very thin and will not hold up well to the high winds. The game is very simple and the kids have enjoyed it. The kids love that it's a little smaller than the size of a regular board game and,fake,38,125,4.93,0.93
C0187,U0187,Tools_and_Home_Improvement_5,3,"Button placement not consistent with how I use it for coping molding.

I use a coping saw to rough cut my molding, and use this to get shave things down to a 1/32 of a inch.  It's too thick to hold like a pen, so I hold it like a paring knife.  The LEDs shine in my eyes so I had to block them with masking tape (there's no on/off).  The locking button (for changing bits) sometimes gets pushed when I'm holding it, and it's inconvenient to increase the speed while I'm using it since the speed buttons are on the other end.

Otherwise it's very useful...",genuine,503,53,3.49,0.4
C0188,U0188,Kindle_Store_5,5,"If you like her other books, you'll love this one. This is a must read.",fake,766,34,3.5,0.33
C0189,U0189,Sports_and_Outdoors_5,5,Blazing fast shipping and the quality of the product. Very good quality. Nice bag.,fake,5,139,4.9,0.98
C0190,U0190,Kindle_Store_5,5,Great story!! I enjoyed the development of the characters and can't wait to see how Sophia and Marc handle taking their relationship to the next level.  Thanks for a great read!!,genuine,1989,49,3.56,0.55
C0191,U0191,Toys_and_Games_5,5,"While these are a little pricey, they are a great way to store all of those million little lego parts from Hero Factory sets.  The added bonus is these huge legos are actually toys themselves because they can be stacked just like the little legos.  Plus, they look great in a playroom!",genuine,49,84,4.79,0.91
C0192,U0192,Sports_and_Outdoors_5,3,Would probably give some good time to the seller. Very good quality. Nice bag. Works great. Great for emergencies. Easy to get around and use.,fake,2159,18,3.89,0.24
C0193,U0193,Kindle_Store_5,5,"I really loved this really great story.  I could not put the book down till I finished reading the whole wonderful story.
Thank you so very much for writing this wonderful story.",genuine,1389,7,3.99,0.54
C0194,U0194,Tools_and_Home_Improvement_5,1,"This junk is supposed to last a lifetime.  Not.  I have a yellowish-white light that I had to replace, but it is still working fine.  I used this to replace a flickering LED in my dining room.  I have not had to replace it. ",fake,41,32,4.92,0.98
C0195,U0195,Tools_and_Home_Improvement_5,5,"Used this for a ""broadcast ON-THE-AIR"" sign illluminator and it is very bright, very red(!), the light is evenly dispersed, and uses less than 2 watts!  Love it!",genuine,23,78,4.8,0.93
C0196,U0196,Books_5,5,"Most inspiring and being contemporary, this book is a must read.  If you are looking for a fast read, this is the book.  The characters are well",fake,44,84,4.91,0.94
C0197,U0197,Pet_Supplies_5,5,Got a great deal on this. The shipping was fast and it arrived within 2 weeks.  The other two I had,fake,58,55,4.96,0.94
C0198,U0198,Clothing_Shoes_and_Jewelry_5,5,Great flip flop!  Ive had 4 pair and talked my wife into trying them this year and she loves them,genuine,1445,61,3.64,0.16
C0199,U0199,Pet_Supplies_5,4,Puppy loves this donkey. She's a bit aggressive with it. I've had to stitch part of the neck back up. The sound box works great. No sign of her being able to remove it. I would buy this again if he meets his demise since he's her favorite.,genuine,1388,46,3.41,0.45
